observation_date,BBBM
2023-10-01,1.59
2023-11-01,1.50
2023-12-01,1.34
2024-01-01,1.27
2024-02-01,1.22
2024-03-01,1.19
2024-04-01,1.14
2024-05-01,1.11
2024-06-01,1.15
2024-07-01,1.16
2024-08-01,1.24
2024-09-01,1.20
2024-10-01,1.08
2024-11-01,1.01
2024-12-01,1.00
2025-01-01,1.02
2025-02-01,1.02
2025-03-01,1.14
2025-04-01,1.38
2025-05-01,1.22
2025-06-01,1.10
2025-07-01,1.01
2025-08-01,0.99
2025-09-01,0.97
2025-10-01,0.99
2025-11-01,1.06
2025-12-01,1.01
2026-01-01,0.97
2026-02-01,0.99
2026-03-01,1.10
2026-04-01,1.03
2026-05-01,0.96
2026-06-01,0.93
2026-07-01,0.97
2026-08-01,0.98
2026-09-01,0.97
