observation_date,HYM
2023-10-01,4.36
2023-11-01,3.99
2023-12-01,3.57
2024-01-01,3.55
2024-02-01,3.36
2024-03-01,3.18
2024-04-01,3.23
2024-05-01,3.12
2024-06-01,3.20
2024-07-01,3.16
2024-08-01,3.37
2024-09-01,3.26
2024-10-01,2.93
2024-11-01,2.70
2024-12-01,2.76
2025-01-01,2.72
2025-02-01,2.71
2025-03-01,3.17
2025-04-01,4.03
2025-05-01,3.35
2025-06-01,3.13
2025-07-01,2.89
2025-08-01,2.90
2025-09-01,2.79
2025-10-01,2.92
2025-11-01,3.08
2025-12-01,2.89
2026-01-01,2.74
2026-02-01,2.92
2026-03-01,3.19
2026-04-01,2.93
2026-05-01,2.77
2026-06-01,2.73
2026-07-01,2.74
2026-08-01,2.70
2026-09-01,2.74
